url,label
http://secure-paypal.com/login,1
http://update-bank-info.net,1
http://192.168.1.10/verify,1
http://login-confirm-paytm.com,1
http://verify-your-facebook-account.com,1
http://secure-appleid-reset.com,1
http://confirm-your-bank-login.info,1
http://ebay-account-update.net,1
http://netflix-login-security-check.com,1
http://google-verify-user-account.net,1
http://paypal.com.user-login-session.com,1
http://secure.chaseonline.verify-account.net,1
http://account-verification-alert.org,1
http://sign-in-update-supportteam.com,1
http://microsoft-support-alerts.info,1
http://amazon.user-security-check.com,1
http://www.bankofamerica-loginupdate.org,1
http://mywallet-verification.com,1
http://secure-instagram-recover.net,1
http://secure-yahoo-login-update.net,1
https://www.google.com,0
https://www.github.com,0
https://www.amazon.in,0
https://www.microsoft.com,0
https://www.apple.com,0
https://www.netflix.com,0
https://www.paypal.com,0
https://www.bankofamerica.com,0
https://www.icicibank.com,0
https://www.hdfcbank.com,0
https://www.linkedin.com,0
https://www.twitter.com,0
https://www.instagram.com,0
https://www.wikipedia.org,0
https://www.openai.com,0
https://www.flipkart.com,0
https://www.reddit.com,0
https://www.youtube.com,0
https://www.stackoverflow.com,0
https://www.snapchat.com,0